<?xml version='1.0' encoding='UTF-8'?>
<?artifactRepository version='1.1.0'?>
<repository name='file:/Users/marianoquintela/Documents/ClonedRepos/handshake-connector/target/update-site/ - artifacts' type='org.eclipse.equinox.p2.artifact.repository.simpleRepository' version='1'>
  <properties size='2'>
    <property name='p2.timestamp' value='1450463275109'/>
    <property name='p2.compressed' value='false'/>
  </properties>
  <mappings size='3'>
    <rule filter='(&amp; (classifier=osgi.bundle))' output='${repoUrl}/plugins/${id}_${version}.jar'/>
    <rule filter='(&amp; (classifier=binary))' output='${repoUrl}/binary/${id}_${version}'/>
    <rule filter='(&amp; (classifier=org.eclipse.update.feature))' output='${repoUrl}/features/${id}_${version}.jar'/>
  </mappings>
  <artifacts size='2'>
    <artifact classifier='org.eclipse.update.feature' id='org.mule.tooling.ui.extension.handshake.3.5.0' version='2.0.0.201512181527'>
      <properties size='4'>
        <property name='artifact.size' value='15944'/>
        <property name='download.size' value='15944'/>
        <property name='download.md5' value='62fd0fcea3023c7d7ba66f8b705c404b'/>
        <property name='download.contentType' value='application/zip'/>
      </properties>
    </artifact>
    <artifact classifier='osgi.bundle' id='org.mule.tooling.ui.contribution.handshake.3.5.0' version='2.0.0.201512181527'>
      <properties size='3'>
        <property name='artifact.size' value='15087839'/>
        <property name='download.size' value='15087839'/>
        <property name='download.md5' value='5ad7727aad5bc72e3cd834a18aa1f412'/>
      </properties>
    </artifact>
  </artifacts>
</repository>
